Model,Accuracy,Macro F1
kNN (k=1),0.7963,0.794
kNN (k=3),0.787,0.7901
Random Forest,0.794392523364486,0.7890392080138344
SVM,0.794392523364486,0.7709135476052769
