Model,Accuracy,Macro F1
kNN (k=1),0.7339,0.7071
kNN (k=3),0.7581,0.7311
Random Forest,0.8306451612903226,0.8069904392909486
SVM,0.8064516129032258,0.7793578497525866
