k,accuracy,macro_f1
1,0.7962962962962963,0.7939956524874702
3,0.7870370370370371,0.7901357197277143
